<annotation><size><width>972</width><height>742</height><depth>3</depth></size><object><name>dent</name><bndbox><xmin>378</xmin><ymin>281</ymin><xmax>620</xmax><ymax>584</ymax></bndbox><segment_polygons><polygon><point><value>410</value><value>313</value></point><point><value>382</value><value>347</value></point><point><value>395</value><value>393</value></point><point><value>386</value><value>437</value></point><point><value>378</value><value>474</value></point><point><value>381</value><value>515</value></point><point><value>435</value><value>570</value></point><point><value>461</value><value>583</value></point><point><value>572</value><value>584</value></point><point><value>599</value><value>552</value></point><point><value>620</value><value>507</value></point><point><value>619</value><value>433</value></point><point><value>590</value><value>382</value></point><point><value>535</value><value>318</value></point><point><value>507</value><value>281</value></point><point><value>471</value><value>283</value></point><point><value>427</value><value>294</value></point></polygon></segment_polygons></object></annotation>