<annotation><size><width>894</width><height>696</height><depth>3</depth></size><object><name>dent</name><bndbox><xmin>290</xmin><ymin>230</ymin><xmax>531</xmax><ymax>579</ymax></bndbox><segment_polygons><polygon><point><value>370</value><value>236</value></point><point><value>337</value><value>270</value></point><point><value>323</value><value>307</value></point><point><value>290</value><value>359</value></point><point><value>291</value><value>402</value></point><point><value>300</value><value>449</value></point><point><value>312</value><value>478</value></point><point><value>321</value><value>519</value></point><point><value>343</value><value>556</value></point><point><value>366</value><value>571</value></point><point><value>383</value><value>573</value></point><point><value>417</value><value>579</value></point><point><value>434</value><value>572</value></point><point><value>454</value><value>563</value></point><point><value>455</value><value>535</value></point><point><value>461</value><value>498</value></point><point><value>472</value><value>482</value></point><point><value>488</value><value>467</value></point><point><value>504</value><value>456</value></point><point><value>525</value><value>439</value></point><point><value>531</value><value>407</value></point><point><value>524</value><value>374</value></point><point><value>509</value><value>338</value></point><point><value>498</value><value>315</value></point><point><value>494</value><value>285</value></point><point><value>493</value><value>269</value></point><point><value>488</value><value>252</value></point><point><value>473</value><value>230</value></point><point><value>456</value><value>230</value></point><point><value>434</value><value>231</value></point><point><value>420</value><value>235</value></point><point><value>410</value><value>236</value></point></polygon></segment_polygons></object></annotation>