<annotation><size><width>1072</width><height>772</height><depth>3</depth></size><object><name>dent</name><bndbox><xmin>327</xmin><ymin>232</ymin><xmax>634</xmax><ymax>659</ymax></bndbox><segment_polygons><polygon><point><value>418</value><value>244</value></point><point><value>381</value><value>284</value></point><point><value>353</value><value>340</value></point><point><value>336</value><value>391</value></point><point><value>327</value><value>435</value></point><point><value>332</value><value>496</value></point><point><value>353</value><value>545</value></point><point><value>378</value><value>593</value></point><point><value>407</value><value>636</value></point><point><value>445</value><value>655</value></point><point><value>465</value><value>659</value></point><point><value>509</value><value>649</value></point><point><value>540</value><value>630</value></point><point><value>560</value><value>579</value></point><point><value>594</value><value>551</value></point><point><value>619</value><value>505</value></point><point><value>634</value><value>444</value></point><point><value>625</value><value>376</value></point><point><value>609</value><value>333</value></point><point><value>586</value><value>300</value></point><point><value>560</value><value>261</value></point><point><value>505</value><value>232</value></point><point><value>458</value><value>236</value></point></polygon></segment_polygons></object></annotation>