<annotation><size><width>1214</width><height>934</height><depth>3</depth></size><object><name>dent</name><bndbox><xmin>306</xmin><ymin>185</ymin><xmax>910</xmax><ymax>666</ymax></bndbox><segment_polygons><polygon><point><value>420</value><value>193</value></point><point><value>366</value><value>261</value></point><point><value>357</value><value>305</value></point><point><value>326</value><value>373</value></point><point><value>321</value><value>428</value></point><point><value>306</value><value>474</value></point><point><value>352</value><value>513</value></point><point><value>383</value><value>540</value></point><point><value>446</value><value>579</value></point><point><value>524</value><value>628</value></point><point><value>571</value><value>653</value></point><point><value>636</value><value>666</value></point><point><value>688</value><value>661</value></point><point><value>699</value><value>646</value></point><point><value>703</value><value>614</value></point><point><value>746</value><value>588</value></point><point><value>802</value><value>601</value></point><point><value>862</value><value>570</value></point><point><value>867</value><value>492</value></point><point><value>889</value><value>430</value></point><point><value>897</value><value>389</value></point><point><value>910</value><value>347</value></point><point><value>909</value><value>282</value></point><point><value>841</value><value>248</value></point><point><value>758</value><value>202</value></point><point><value>693</value><value>194</value></point><point><value>618</value><value>194</value></point><point><value>565</value><value>204</value></point><point><value>532</value><value>207</value></point><point><value>488</value><value>185</value></point></polygon></segment_polygons></object></annotation>