<annotation><size><width>1622</width><height>1210</height><depth>3</depth></size><object><name>dent</name><bndbox><xmin>312</xmin><ymin>295</ymin><xmax>949</xmax><ymax>921</ymax></bndbox><segment_polygons><polygon><point><value>696</value><value>317</value></point><point><value>612</value><value>370</value></point><point><value>574</value><value>454</value></point><point><value>505</value><value>490</value></point><point><value>426</value><value>488</value></point><point><value>355</value><value>510</value></point><point><value>334</value><value>548</value></point><point><value>312</value><value>621</value></point><point><value>314</value><value>685</value></point><point><value>338</value><value>741</value></point><point><value>372</value><value>771</value></point><point><value>415</value><value>814</value></point><point><value>456</value><value>846</value></point><point><value>488</value><value>866</value></point><point><value>529</value><value>891</value></point><point><value>578</value><value>906</value></point><point><value>646</value><value>921</value></point><point><value>702</value><value>921</value></point><point><value>764</value><value>909</value></point><point><value>816</value><value>863</value></point><point><value>850</value><value>818</value></point><point><value>876</value><value>782</value></point><point><value>923</value><value>722</value></point><point><value>942</value><value>670</value></point><point><value>949</value><value>587</value></point><point><value>925</value><value>482</value></point><point><value>897</value><value>402</value></point><point><value>856</value><value>340</value></point><point><value>779</value><value>295</value></point></polygon></segment_polygons></object></annotation>