{"usage":"generic","name":"detect dents on a car","type":0,"scenario":"","prop_version":"PROP_VESION_1","pre_process":"","category_prop_info":"[]","file_prop_info":"[{\"_id\":\"3a783f45-cfe2-4b1c-85a2-9cc04897d95c\",\"file_type\":\"image\",\"parent_id\":null,\"generate_type\":\"manual\",\"category_id\":null,\"category_name\":null,\"created_at\":1553024729644,\"label_type\":\"manual\",\"uploaded_at\":1553024729644}, {\"_id\":\"e5e74fb2-4764-4e20-8b55-743daa440f26\",\"file_type\":\"image\",\"parent_id\":null,\"generate_type\":\"manual\",\"category_id\":null,\"category_name\":null,\"created_at\":1553024730609,\"label_type\":\"manual\",\"uploaded_at\":1553024730609}, {\"_id\":\"97490281-f72e-420b-b4f5-6b67c049b891\",\"file_type\":\"image\",\"parent_id\":null,\"generate_type\":\"manual\",\"category_id\":null,\"category_name\":null,\"created_at\":1553024730921,\"label_type\":\"manual\",\"uploaded_at\":1553024730921}, {\"_id\":\"e03c330a-7abb-4e05-a064-e8114142d975\",\"file_type\":\"image\",\"parent_id\":null,\"generate_type\":\"manual\",\"category_id\":null,\"category_name\":null,\"created_at\":1553024731357,\"label_type\":\"manual\",\"uploaded_at\":1553024731357}, {\"_id\":\"10a89885-82e0-4692-b055-4272a500bafb\",\"file_type\":\"image\",\"parent_id\":null,\"generate_type\":\"manual\",\"category_id\":null,\"category_name\":null,\"created_at\":1553024731622,\"label_type\":\"manual\",\"uploaded_at\":1553024731622}]"}